{
  "ግር": 0.3333333333333333,
  "ክውአሥ": 0.3333333333333333
}