{
  "ጎዳ": 0.3333333333333333,
  "ሩቻ": 0.3333333333333333
}