{
  "ዲሥ": 0.3333333333333333,
  "በባ": 0.3333333333333333
}