{
  "ፍርኢክአ": 0.3333333333333333,
  "ዋንችአ": 0.3333333333333333
}